Producto,País,Afinidad
Carne Bovina,Argentina,58
Carne Bovina,Brasil,64
Carne Bovina,México,77
Carne Bovina,Chile,69
Carne Bovina,Perú,55
Carne Bovina,Colombia,59
Carne Bovina,Ecuador,50
Carne Bovina,Venezuela,23
Carne Bovina,Bolivia,38
Carne Bovina,Paraguay,53
Carne Bovina,Cuba,27
Carne Bovina,Costa Rica,57
Carne Bovina,República Dominicana,50
Carne Bovina,Guatemala,44
Carne Bovina,Honduras,40
Carne Bovina,El Salvador,45
Carne Bovina,Nicaragua,35
Carne Bovina,Panamá,65
Carne Bovina,Estados Unidos,88
Carne Bovina,Canadá,79
Carne Bovina,Países Bajos,82
Carne Bovina,Alemania,80
Carne Bovina,España,72
Carne Bovina,Italia,70
Carne Bovina,Francia,74
Carne Bovina,Bélgica,73
Carne Bovina,Reino Unido,76
Carne Bovina,Suiza,78
Carne Bovina,Portugal,69
Carne Bovina,Polonia,55
Carne Bovina,China,78
Carne Bovina,Japón,77
Carne Bovina,Corea del Sur,79
Carne Bovina,India,67
Carne Bovina,Singapur,81
Carne Bovina,Hong Kong,79
Carne Bovina,Emiratos Árabes Unidos,70
Carne Bovina,Sudáfrica,56
Carne Bovina,Nigeria,30
Carne Bovina,Egipto,38
Carne Bovina,Argelia,34
Carne Bovina,Australia,75
Carne Bovina,Nueva Zelanda,74
Soja,Argentina,57
Soja,Brasil,65
Soja,México,78
Soja,Chile,70
Soja,Perú,56
Soja,Colombia,60
Soja,Ecuador,51
Soja,Venezuela,24
Soja,Bolivia,39
Soja,Paraguay,54
Soja,Cuba,28
Soja,Costa Rica,58
Soja,República Dominicana,51
Soja,Guatemala,45
Soja,Honduras,41
Soja,El Salvador,46
Soja,Nicaragua,36
Soja,Panamá,66
Soja,Estados Unidos,89
Soja,Canadá,80
Soja,Países Bajos,83
Soja,Alemania,81
Soja,España,73
Soja,Italia,71
Soja,Francia,75
Soja,Bélgica,74
Soja,Reino Unido,77
Soja,Suiza,79
Soja,Portugal,70
Soja,Polonia,56
Soja,China,79
Soja,Japón,78
Soja,Corea del Sur,80
Soja,India,68
Soja,Singapur,82
Soja,Hong Kong,80
Soja,Emiratos Árabes Unidos,71
Soja,Sudáfrica,57
Soja,Nigeria,31
Soja,Egipto,39
Soja,Argelia,35
Soja,Australia,76
Soja,Nueva Zelanda,75
Celulosa,Argentina,59
Celulosa,Brasil,66
Celulosa,México,79
Celulosa,Chile,71
Celulosa,Perú,57
Celulosa,Colombia,61
Celulosa,Ecuador,52
Celulosa,Venezuela,25
Celulosa,Bolivia,40
Celulosa,Paraguay,55
Celulosa,Cuba,29
Celulosa,Costa Rica,59
Celulosa,República Dominicana,52
Celulosa,Guatemala,46
Celulosa,Honduras,42
Celulosa,El Salvador,47
Celulosa,Nicaragua,37
Celulosa,Panamá,67
Celulosa,Estados Unidos,90
Celulosa,Canadá,81
Celulosa,Países Bajos,84
Celulosa,Alemania,82
Celulosa,España,74
Celulosa,Italia,72
Celulosa,Francia,76
Celulosa,Bélgica,75
Celulosa,Reino Unido,78
Celulosa,Suiza,80
Celulosa,Portugal,71
Celulosa,Polonia,57
Celulosa,China,80
Celulosa,Japón,79
Celulosa,Corea del Sur,81
Celulosa,India,69
Celulosa,Singapur,83
Celulosa,Hong Kong,81
Celulosa,Emiratos Árabes Unidos,72
Celulosa,Sudáfrica,58
Celulosa,Nigeria,32
Celulosa,Egipto,40
Celulosa,Argelia,36
Celulosa,Australia,77
Celulosa,Nueva Zelanda,76
Productos Lácteos,Argentina,58
Productos Lácteos,Brasil,64
Productos Lácteos,México,77
Productos Lácteos,Chile,69
Productos Lácteos,Perú,55
Productos Lácteos,Colombia,59
Productos Lácteos,Ecuador,50
Productos Lácteos,Venezuela,23
Productos Lácteos,Bolivia,38
Productos Lácteos,Paraguay,53
Productos Lácteos,Cuba,27
Productos Lácteos,Costa Rica,57
Productos Lácteos,República Dominicana,50
Productos Lácteos,Guatemala,44
Productos Lácteos,Honduras,40
Productos Lácteos,El Salvador,45
Productos Lácteos,Nicaragua,35
Productos Lácteos,Panamá,65
Productos Lácteos,Estados Unidos,88
Productos Lácteos,Canadá,79
Productos Lácteos,Países Bajos,82
Productos Lácteos,Alemania,80
Productos Lácteos,España,72
Productos Lácteos,Italia,70
Productos Lácteos,Francia,74
Productos Lácteos,Bélgica,73
Productos Lácteos,Reino Unido,76
Productos Lácteos,Suiza,78
Productos Lácteos,Portugal,69
Productos Lácteos,Polonia,55
Productos Lácteos,China,78
Productos Lácteos,Japón,77
Productos Lácteos,Corea del Sur,79
Productos Lácteos,India,67
Productos Lácteos,Singapur,81
Productos Lácteos,Hong Kong,79
Productos Lácteos,Emiratos Árabes Unidos,70
Productos Lácteos,Sudáfrica,56
Productos Lácteos,Nigeria,30
Productos Lácteos,Egipto,38
Productos Lácteos,Argelia,34
Productos Lácteos,Australia,75
Productos Lácteos,Nueva Zelanda,74
Vehículos,Argentina,57
Vehículos,Brasil,65
Vehículos,México,78
Vehículos,Chile,70
Vehículos,Perú,56
Vehículos,Colombia,60
Vehículos,Ecuador,51
Vehículos,Venezuela,24
Vehículos,Bolivia,39
Vehículos,Paraguay,54
Vehículos,Cuba,28
Vehículos,Costa Rica,58
Vehículos,República Dominicana,51
Vehículos,Guatemala,45
Vehículos,Honduras,41
Vehículos,El Salvador,46
Vehículos,Nicaragua,36
Vehículos,Panamá,66
Vehículos,Estados Unidos,89
Vehículos,Canadá,80
Vehículos,Países Bajos,83
Vehículos,Alemania,81
Vehículos,España,73
Vehículos,Italia,71
Vehículos,Francia,75
Vehículos,Bélgica,74
Vehículos,Reino Unido,77
Vehículos,Suiza,79
Vehículos,Portugal,70
Vehículos,Polonia,56
Vehículos,China,79
Vehículos,Japón,78
Vehículos,Corea del Sur,80
Vehículos,India,68
Vehículos,Singapur,82
Vehículos,Hong Kong,80
Vehículos,Emiratos Árabes Unidos,71
Vehículos,Sudáfrica,57
Vehículos,Nigeria,31
Vehículos,Egipto,39
Vehículos,Argelia,35
Vehículos,Australia,76
Vehículos,Nueva Zelanda,75
Arroz,Argentina,59
Arroz,Brasil,66
Arroz,México,79
Arroz,Chile,71
Arroz,Perú,57
Arroz,Colombia,61
Arroz,Ecuador,52
Arroz,Venezuela,25
Arroz,Bolivia,40
Arroz,Paraguay,55
Arroz,Cuba,29
Arroz,Costa Rica,59
Arroz,República Dominicana,52
Arroz,Guatemala,46
Arroz,Honduras,42
Arroz,El Salvador,47
Arroz,Nicaragua,37
Arroz,Panamá,67
Arroz,Estados Unidos,90
Arroz,Canadá,81
Arroz,Países Bajos,84
Arroz,Alemania,82
Arroz,España,74
Arroz,Italia,72
Arroz,Francia,76
Arroz,Bélgica,75
Arroz,Reino Unido,78
Arroz,Suiza,80
Arroz,Portugal,71
Arroz,Polonia,57
Arroz,China,80
Arroz,Japón,79
Arroz,Corea del Sur,81
Arroz,India,69
Arroz,Singapur,83
Arroz,Hong Kong,81
Arroz,Emiratos Árabes Unidos,72
Arroz,Sudáfrica,58
Arroz,Nigeria,32
Arroz,Egipto,40
Arroz,Argelia,36
Arroz,Australia,77
Arroz,Nueva Zelanda,76
Productos de Madera,Argentina,58
Productos de Madera,Brasil,64
Productos de Madera,México,77
Productos de Madera,Chile,69
Productos de Madera,Perú,55
Productos de Madera,Colombia,59
Productos de Madera,Ecuador,50
Productos de Madera,Venezuela,23
Productos de Madera,Bolivia,38
Productos de Madera,Paraguay,53
Productos de Madera,Cuba,27
Productos de Madera,Costa Rica,57
Productos de Madera,República Dominicana,50
Productos de Madera,Guatemala,44
Productos de Madera,Honduras,40
Productos de Madera,El Salvador,45
Productos de Madera,Nicaragua,35
Productos de Madera,Panamá,65
Productos de Madera,Estados Unidos,88
Productos de Madera,Canadá,79
Productos de Madera,Países Bajos,82
Productos de Madera,Alemania,80
Productos de Madera,España,72
Productos de Madera,Italia,70
Productos de Madera,Francia,74
Productos de Madera,Bélgica,73
Productos de Madera,Reino Unido,76
Productos de Madera,Suiza,78
Productos de Madera,Portugal,69
Productos de Madera,Polonia,55
Productos de Madera,China,78
Productos de Madera,Japón,77
Productos de Madera,Corea del Sur,79
Productos de Madera,India,67
Productos de Madera,Singapur,81
Productos de Madera,Hong Kong,79
Productos de Madera,Emiratos Árabes Unidos,70
Productos de Madera,Sudáfrica,56
Productos de Madera,Nigeria,30
Productos de Madera,Egipto,38
Productos de Madera,Argelia,34
Productos de Madera,Australia,75
Productos de Madera,Nueva Zelanda,74
Concentrados para bebidas,Argentina,57
Concentrados para bebidas,Brasil,65
Concentrados para bebidas,México,78
Concentrados para bebidas,Chile,70
Concentrados para bebidas,Perú,56
Concentrados para bebidas,Colombia,60
Concentrados para bebidas,Ecuador,51
Concentrados para bebidas,Venezuela,24
Concentrados para bebidas,Bolivia,39
Concentrados para bebidas,Paraguay,54
Concentrados para bebidas,Cuba,28
Concentrados para bebidas,Costa Rica,58
Concentrados para bebidas,República Dominicana,51
Concentrados para bebidas,Guatemala,45
Concentrados para bebidas,Honduras,41
Concentrados para bebidas,El Salvador,46
Concentrados para bebidas,Nicaragua,36
Concentrados para bebidas,Panamá,66
Concentrados para bebidas,Estados Unidos,89
Concentrados para bebidas,Canadá,80
Concentrados para bebidas,Países Bajos,83
Concentrados para bebidas,Alemania,81
Concentrados para bebidas,España,73
Concentrados para bebidas,Italia,71
Concentrados para bebidas,Francia,75
Concentrados para bebidas,Bélgica,74
Concentrados para bebidas,Reino Unido,77
Concentrados para bebidas,Suiza,79
Concentrados para bebidas,Portugal,70
Concentrados para bebidas,Polonia,56
Concentrados para bebidas,China,79
Concentrados para bebidas,Japón,78
Concentrados para bebidas,Corea del Sur,80
Concentrados para bebidas,India,68
Concentrados para bebidas,Singapur,82
Concentrados para bebidas,Hong Kong,80
Concentrados para bebidas,Emiratos Árabes Unidos,71
Concentrados para bebidas,Sudáfrica,57
Concentrados para bebidas,Nigeria,31
Concentrados para bebidas,Egipto,39
Concentrados para bebidas,Argelia,35
Concentrados para bebidas,Australia,76
Concentrados para bebidas,Nueva Zelanda,75
Cereales,Argentina,59
Cereales,Brasil,66
Cereales,México,79
Cereales,Chile,71
Cereales,Perú,57
Cereales,Colombia,61
Cereales,Ecuador,52
Cereales,Venezuela,25
Cereales,Bolivia,40
Cereales,Paraguay,55
Cereales,Cuba,29
Cereales,Costa Rica,59
Cereales,República Dominicana,52
Cereales,Guatemala,46
Cereales,Honduras,42
Cereales,El Salvador,47
Cereales,Nicaragua,37
Cereales,Panamá,67
Cereales,Estados Unidos,90
Cereales,Canadá,81
Cereales,Países Bajos,84
Cereales,Alemania,82
Cereales,España,74
Cereales,Italia,72
Cereales,Francia,76
Cereales,Bélgica,75
Cereales,Reino Unido,78
Cereales,Suiza,80
Cereales,Portugal,71
Cereales,Polonia,57
Cereales,China,80
Cereales,Japón,79
Cereales,Corea del Sur,81
Cereales,India,69
Cereales,Singapur,83
Cereales,Hong Kong,81
Cereales,Emiratos Árabes Unidos,72
Cereales,Sudáfrica,58
Cereales,Nigeria,32
Cereales,Egipto,40
Cereales,Argelia,36
Cereales,Australia,77
Cereales,Nueva Zelanda,76
Pescados y productos de la pesca,Argentina,58
Pescados y productos de la pesca,Brasil,64
Pescados y productos de la pesca,México,77
Pescados y productos de la pesca,Chile,69
Pescados y productos de la pesca,Perú,55
Pescados y productos de la pesca,Colombia,59
Pescados y productos de la pesca,Ecuador,50
Pescados y productos de la pesca,Venezuela,23
Pescados y productos de la pesca,Bolivia,38
Pescados y productos de la pesca,Paraguay,53
Pescados y productos de la pesca,Cuba,27
Pescados y productos de la pesca,Costa Rica,57
Pescados y productos de la pesca,República Dominicana,50
Pescados y productos de la pesca,Guatemala,44
Pescados y productos de la pesca,Honduras,40
Pescados y productos de la pesca,El Salvador,45
Pescados y productos de la pesca,Nicaragua,35
Pescados y productos de la pesca,Panamá,65
Pescados y productos de la pesca,Estados Unidos,88
Pescados y productos de la pesca,Canadá,79
Pescados y productos de la pesca,Países Bajos,82
Pescados y productos de la pesca,Alemania,80
Pescados y productos de la pesca,España,72
Pescados y productos de la pesca,Italia,70
Pescados y productos de la pesca,Francia,74
Pescados y productos de la pesca,Bélgica,73
Pescados y productos de la pesca,Reino Unido,76
Pescados y productos de la pesca,Suiza,78
Pescados y productos de la pesca,Portugal,69
Pescados y productos de la pesca,Polonia,55
Pescados y productos de la pesca,China,78
Pescados y productos de la pesca,Japón,77
Pescados y productos de la pesca,Corea del Sur,79
Pescados y productos de la pesca,India,67
Pescados y productos de la pesca,Singapur,81
Pescados y productos de la pesca,Hong Kong,79
Pescados y productos de la pesca,Emiratos Árabes Unidos,70
Pescados y productos de la pesca,Sudáfrica,56
Pescados y productos de la pesca,Nigeria,30
Pescados y productos de la pesca,Egipto,38
Pescados y productos de la pesca,Argelia,34
Pescados y productos de la pesca,Australia,75
Pescados y productos de la pesca,Nueva Zelanda,74
Pieles y Cueros,Argentina,57
Pieles y Cueros,Brasil,65
Pieles y Cueros,México,78
Pieles y Cueros,Chile,70
Pieles y Cueros,Perú,56
Pieles y Cueros,Colombia,60
Pieles y Cueros,Ecuador,51
Pieles y Cueros,Venezuela,24
Pieles y Cueros,Bolivia,39
Pieles y Cueros,Paraguay,54
Pieles y Cueros,Cuba,28
Pieles y Cueros,Costa Rica,58
Pieles y Cueros,República Dominicana,51
Pieles y Cueros,Guatemala,45
Pieles y Cueros,Honduras,41
Pieles y Cueros,El Salvador,46
Pieles y Cueros,Nicaragua,36
Pieles y Cueros,Panamá,66
Pieles y Cueros,Estados Unidos,89
Pieles y Cueros,Canadá,80
Pieles y Cueros,Países Bajos,83
Pieles y Cueros,Alemania,81
Pieles y Cueros,España,73
Pieles y Cueros,Italia,71
Pieles y Cueros,Francia,75
Pieles y Cueros,Bélgica,74
Pieles y Cueros,Reino Unido,77
Pieles y Cueros,Suiza,79
Pieles y Cueros,Portugal,70
Pieles y Cueros,Polonia,56
Pieles y Cueros,China,79
Pieles y Cueros,Japón,78
Pieles y Cueros,Corea del Sur,80
Pieles y Cueros,India,68
Pieles y Cueros,Singapur,82
Pieles y Cueros,Hong Kong,80
Pieles y Cueros,Emiratos Árabes Unidos,71
Pieles y Cueros,Sudáfrica,57
Pieles y Cueros,Nigeria,31
Pieles y Cueros,Egipto,39
Pieles y Cueros,Argelia,35
Pieles y Cueros,Australia,76
Pieles y Cueros,Nueva Zelanda,75
Lana y productos de lana,Argentina,59
Lana y productos de lana,Brasil,66
Lana y productos de lana,México,79
Lana y productos de lana,Chile,71
Lana y productos de lana,Perú,57
Lana y productos de lana,Colombia,61
Lana y productos de lana,Ecuador,52
Lana y productos de lana,Venezuela,25
Lana y productos de lana,Bolivia,40
Lana y productos de lana,Paraguay,55
Lana y productos de lana,Cuba,29
Lana y productos de lana,Costa Rica,59
Lana y productos de lana,República Dominicana,52
Lana y productos de lana,Guatemala,46
Lana y productos de lana,Honduras,42
Lana y productos de lana,El Salvador,47
Lana y productos de lana,Nicaragua,37
Lana y productos de lana,Panamá,67
Lana y productos de lana,Estados Unidos,90
Lana y productos de lana,Canadá,81
Lana y productos de lana,Países Bajos,84
Lana y productos de lana,Alemania,82
Lana y productos de lana,España,74
Lana y productos de lana,Italia,72
Lana y productos de lana,Francia,76
Lana y productos de lana,Bélgica,75
Lana y productos de lana,Reino Unido,78
Lana y productos de lana,Suiza,80
Lana y productos de lana,Portugal,71
Lana y productos de lana,Polonia,57
Lana y productos de lana,China,80
Lana y productos de lana,Japón,79
Lana y productos de lana,Corea del Sur,81
Lana y productos de lana,India,69
Lana y productos de lana,Singapur,83
Lana y productos de lana,Hong Kong,81
Lana y productos de lana,Emiratos Árabes Unidos,72
Lana y productos de lana,Sudáfrica,58
Lana y productos de lana,Nigeria,32
Lana y productos de lana,Egipto,40
Lana y productos de lana,Argelia,36
Lana y productos de lana,Australia,77
Lana y productos de lana,Nueva Zelanda,76
Malta,Argentina,58
Malta,Brasil,64
Malta,México,77
Malta,Chile,69
Malta,Perú,55
Malta,Colombia,59
Malta,Ecuador,50
Malta,Venezuela,23
Malta,Bolivia,38
Malta,Paraguay,53
Malta,Cuba,27
Malta,Costa Rica,57
Malta,República Dominicana,50
Malta,Guatemala,44
Malta,Honduras,40
Malta,El Salvador,45
Malta,Nicaragua,35
Malta,Panamá,65
Malta,Estados Unidos,88
Malta,Canadá,79
Malta,Países Bajos,82
Malta,Alemania,80
Malta,España,72
Malta,Italia,70
Malta,Francia,74
Malta,Bélgica,73
Malta,Reino Unido,76
Malta,Suiza,78
Malta,Portugal,69
Malta,Polonia,55
Malta,China,78
Malta,Japón,77
Malta,Corea del Sur,79
Malta,India,67
Malta,Singapur,81
Malta,Hong Kong,79
Malta,Emiratos Árabes Unidos,70
Malta,Sudáfrica,56
Malta,Nigeria,30
Malta,Egipto,38
Malta,Argelia,34
Malta,Australia,75
Malta,Nueva Zelanda,74
Cítricos,Argentina,57
Cítricos,Brasil,65
Cítricos,México,78
Cítricos,Chile,70
Cítricos,Perú,56
Cítricos,Colombia,60
Cítricos,Ecuador,51
Cítricos,Venezuela,24
Cítricos,Bolivia,39
Cítricos,Paraguay,54
Cítricos,Cuba,28
Cítricos,Costa Rica,58
Cítricos,República Dominicana,51
Cítricos,Guatemala,45
Cítricos,Honduras,41
Cítricos,El Salvador,46
Cítricos,Nicaragua,36
Cítricos,Panamá,66
Cítricos,Estados Unidos,89
Cítricos,Canadá,80
Cítricos,Países Bajos,83
Cítricos,Alemania,81
Cítricos,España,73
Cítricos,Italia,71
Cítricos,Francia,75
Cítricos,Bélgica,74
Cítricos,Reino Unido,77
Cítricos,Suiza,79
Cítricos,Portugal,70
Cítricos,Polonia,56
Cítricos,China,79
Cítricos,Japón,78
Cítricos,Corea del Sur,80
Cítricos,India,68
Cítricos,Singapur,82
Cítricos,Hong Kong,80
Cítricos,Emiratos Árabes Unidos,71
Cítricos,Sudáfrica,57
Cítricos,Nigeria,31
Cítricos,Egipto,39
Cítricos,Argelia,35
Cítricos,Australia,76
Cítricos,Nueva Zelanda,75
Plásticos y manufacturas,Argentina,59
Plásticos y manufacturas,Brasil,66
Plásticos y manufacturas,México,79
Plásticos y manufacturas,Chile,71
Plásticos y manufacturas,Perú,57
Plásticos y manufacturas,Colombia,61
Plásticos y manufacturas,Ecuador,52
Plásticos y manufacturas,Venezuela,25
Plásticos y manufacturas,Bolivia,40
Plásticos y manufacturas,Paraguay,55
Plásticos y manufacturas,Cuba,29
Plásticos y manufacturas,Costa Rica,59
Plásticos y manufacturas,República Dominicana,52
Plásticos y manufacturas,Guatemala,46
Plásticos y manufacturas,Honduras,42
Plásticos y manufacturas,El Salvador,47
Plásticos y manufacturas,Nicaragua,37
Plásticos y manufacturas,Panamá,67
Plásticos y manufacturas,Estados Unidos,90
Plásticos y manufacturas,Canadá,81
Plásticos y manufacturas,Países Bajos,84
Plásticos y manufacturas,Alemania,82
Plásticos y manufacturas,España,74
Plásticos y manufacturas,Italia,72
Plásticos y manufacturas,Francia,76
Plásticos y manufacturas,Bélgica,75
Plásticos y manufacturas,Reino Unido,78
Plásticos y manufacturas,Suiza,80
Plásticos y manufacturas,Portugal,71
Plásticos y manufacturas,Polonia,57
Plásticos y manufacturas,China,80
Plásticos y manufacturas,Japón,79
Plásticos y manufacturas,Corea del Sur,81
Plásticos y manufacturas,India,69
Plásticos y manufacturas,Singapur,83
Plásticos y manufacturas,Hong Kong,81
Plásticos y manufacturas,Emiratos Árabes Unidos,72
Plásticos y manufacturas,Sudáfrica,58
Plásticos y manufacturas,Nigeria,32
Plásticos y manufacturas,Egipto,40
Plásticos y manufacturas,Argelia,36
Plásticos y manufacturas,Australia,77
Plásticos y manufacturas,Nueva Zelanda,76
Semillas y frutos oleaginosos,Argentina,58
Semillas y frutos oleaginosos,Brasil,64
Semillas y frutos oleaginosos,México,77
Semillas y frutos oleaginosos,Chile,69
Semillas y frutos oleaginosos,Perú,55
Semillas y frutos oleaginosos,Colombia,59
Semillas y frutos oleaginosos,Ecuador,50
Semillas y frutos oleaginosos,Venezuela,23
Semillas y frutos oleaginosos,Bolivia,38
Semillas y frutos oleaginosos,Paraguay,53
Semillas y frutos oleaginosos,Cuba,27
Semillas y frutos oleaginosos,Costa Rica,57
Semillas y frutos oleaginosos,República Dominicana,50
Semillas y frutos oleaginosos,Guatemala,44
Semillas y frutos oleaginosos,Honduras,40
Semillas y frutos oleaginosos,El Salvador,45
Semillas y frutos oleaginosos,Nicaragua,35
Semillas y frutos oleaginosos,Chile,78
Semillas y frutos oleaginosos,Bolivia,60
Semillas y frutos oleaginosos,Perú,70
Semillas y frutos oleaginosos,Colombia,70
Semillas y frutos oleaginosos,Ecuador,65
Semillas y frutos oleaginosos,México,73
Semillas y frutos oleaginosos,Panamá,71
Semillas y frutos oleaginosos,Costa Rica,72
Semillas y frutos oleaginosos,República Dominicana,65
Semillas y frutos oleaginosos,Guatemala,60
Semillas y frutos oleaginosos,El Salvador,61
Semillas y frutos oleaginosos,Honduras,58
Semillas y frutos oleaginosos,Nicaragua,54
Semillas y frutos oleaginosos,Venezuela,30
Semillas y frutos oleaginosos,Uruguay,71
Semillas y frutos oleaginosos,Cuba,47
Semillas y frutos oleaginosos,Haití,32
Semillas y frutos oleaginosos,Puerto Rico,76
Semillas y frutos oleaginosos,Belice,60
Semillas y frutos oleaginosos,Jamaica,64
Semillas y frutos oleaginosos,Trinidad y Tobago,66
Semillas y frutos oleaginosos,Barbados,69
Semillas y frutos oleaginosos,Guyana,58
Semillas y frutos oleaginosos,Surinam,55
Semillas y frutos oleaginosos,Canadá,82
Semillas y frutos oleaginosos,Estados Unidos,85
Semillas y frutos oleaginosos,Alemania,81
Semillas y frutos oleaginosos,Francia,78
Semillas y frutos oleaginosos,Italia,75
Semillas y frutos oleaginosos,España,79
Semillas y frutos oleaginosos,Portugal,77
Semillas y frutos oleaginosos,Países Bajos,83
Semillas y frutos oleaginosos,Reino Unido,79
Semillas y frutos oleaginosos,Rusia,58
Semillas y frutos oleaginosos,India,78
Semillas y frutos oleaginosos,China,82
Semillas y frutos oleaginosos,Japón,82
Semillas y frutos oleaginosos,Corea del Sur,83
Semillas y frutos oleaginosos,Vietnam,74
Semillas y frutos oleaginosos,Taiwan,82
Semillas y frutos oleaginosos,Sudáfrica,68
Preparaciones de carne/pescado,Argentina,72
Preparaciones de carne/pescado,Brasil,71
Preparaciones de carne/pescado,Paraguay,66
Preparaciones de carne/pescado,Chile,78
Preparaciones de carne/pescado,Bolivia,61
Preparaciones de carne/pescado,Perú,70
Preparaciones de carne/pescado,Colombia,70
Preparaciones de carne/pescado,Ecuador,65
Preparaciones de carne/pescado,México,74
Preparaciones de carne/pescado,Panamá,72
Preparaciones de carne/pescado,Costa Rica,72
Preparaciones de carne/pescado,República Dominicana,65
Preparaciones de carne/pescado,Guatemala,60
Preparaciones de carne/pescado,El Salvador,61
Preparaciones de carne/pescado,Honduras,58
Preparaciones de carne/pescado,Nicaragua,53
Preparaciones de carne/pescado,Venezuela,30
Preparaciones de carne/pescado,Uruguay,70
Preparaciones de carne/pescado,Cuba,47
Preparaciones de carne/pescado,Haití,31
Preparaciones de carne/pescado,Puerto Rico,76
Preparaciones de carne/pescado,Belice,60
Preparaciones de carne/pescado,Jamaica,64
Preparaciones de carne/pescado,Trinidad y Tobago,66
Preparaciones de carne/pescado,Barbados,69
Preparaciones de carne/pescado,Guyana,58
Preparaciones de carne/pescado,Surinam,55
Preparaciones de carne/pescado,Canadá,83
Preparaciones de carne/pescado,Estados Unidos,85
Preparaciones de carne/pescado,Alemania,81
Preparaciones de carne/pescado,Francia,78
Preparaciones de carne/pescado,Italia,75
Preparaciones de carne/pescado,España,79
Preparaciones de carne/pescado,Portugal,77
Preparaciones de carne/pescado,Países Bajos,83
Preparaciones de carne/pescado,Reino Unido,79
Preparaciones de carne/pescado,Rusia,58
Preparaciones de carne/pescado,India,78
Preparaciones de carne/pescado,China,82
Preparaciones de carne/pescado,Japón,83
Preparaciones de carne/pescado,Corea del Sur,84
Preparaciones de carne/pescado,Vietnam,74
Preparaciones de carne/pescado,Taiwan,82
Preparaciones de carne/pescado,Sudáfrica,68
Bebidas,Argentina,73
Bebidas,Brasil,70
Bebidas,Paraguay,66
Bebidas,Chile,78
Bebidas,Bolivia,61
Bebidas,Perú,71
Bebidas,Colombia,70
Bebidas,Ecuador,65
Bebidas,México,74
Bebidas,Panamá,72
Bebidas,Costa Rica,72
Bebidas,República Dominicana,63
Bebidas,Guatemala,58
Bebidas,El Salvador,61
Bebidas,Honduras,57
Bebidas,Nicaragua,52
Bebidas,Venezuela,29
Bebidas,Uruguay,70
Bebidas,Cuba,46
Bebidas,Haití,31
Bebidas,Puerto Rico,76
Bebidas,Belice,59
Bebidas,Jamaica,64
Bebidas,Trinidad y Tobago,65
Bebidas,Barbados,68
Bebidas,Guyana,57
Bebidas,Surinam,54
Bebidas,Canadá,82
Bebidas,Estados Unidos,85
Bebidas,Alemania,80
Bebidas,Francia,77
Bebidas,Italia,74
Bebidas,España,78
Bebidas,Portugal,76
Bebidas,Países Bajos,82
Bebidas,Reino Unido,78
Bebidas,Rusia,57
Bebidas,India,77
Bebidas,China,81
Bebidas,Japón,82
Bebidas,Corea del Sur,83
Bebidas,Vietnam,73
Bebidas,Taiwan,81
Bebidas,Sudáfrica,67
Productos de panadería,Argentina,71
Productos de panadería,Brasil,72
Productos de panadería,Paraguay,65
Productos de panadería,Chile,78
Productos de panadería,Bolivia,60
Productos de panadería,Perú,70
Productos de panadería,Colombia,70
Productos de panadería,Ecuador,65
Productos de panadería,México,73
Productos de panadería,Panamá,71
Productos de panadería,Costa Rica,72
Productos de panadería,República Dominicana,65
Productos de panadería,Guatemala,60
Productos de panadería,El Salvador,61
Productos de panadería,Honduras,58
Productos de panadería,Nicaragua,54
Productos de panadería,Venezuela,30
Productos de panadería,Uruguay,71
Productos de panadería,Cuba,47
Productos de panadería,Haití,32
Productos de panadería,Puerto Rico,76
Productos de panadería,Belice,60
Productos de panadería,Jamaica,64
Productos de panadería,Trinidad y Tobago,66
Productos de panadería,Barbados,69
Productos de panadería,Guyana,58
Productos de panadería,Surinam,55
Productos de panadería,Canadá,82
Productos de panadería,Estados Unidos,85
Productos de panadería,Alemania,81
Productos de panadería,Francia,78
Productos de panadería,Italia,75
Productos de panadería,España,79
Productos de panadería,Portugal,77
Productos de panadería,Países Bajos,83
Productos de panadería,Reino Unido,79
Productos de panadería,Rusia,58
Productos de panadería,India,78
Productos de panadería,China,82
Productos de panadería,Japón,82
Productos de panadería,Corea del Sur,83
Productos de panadería,Vietnam,74
Productos de panadería,Taiwan,82
Productos de panadería,Sudáfrica,68
Azúcar,Argentina,72
Azúcar,Brasil,71
Azúcar,Paraguay,66
Azúcar,Chile,77
Azúcar,Bolivia,60
Azúcar,Perú,70
Azúcar,Colombia,70
Azúcar,Ecuador,65
Azúcar,México,73
Azúcar,Panamá,71
Azúcar,Costa Rica,71
Azúcar,República Dominicana,64
Azúcar,Guatemala,59
Azúcar,El Salvador,61
Azúcar,Honduras,57
Azúcar,Nicaragua,53
Azúcar,Venezuela,29
Azúcar,Uruguay,70
Azúcar,Cuba,46
Azúcar,Haití,31
Azúcar,Puerto Rico,75
Azúcar,Belice,60
Azúcar,Jamaica,63
Azúcar,Trinidad y Tobago,65
Azúcar,Barbados,68
Azúcar,Guyana,57
Azúcar,Surinam,54
Azúcar,Canadá,82
Azúcar,Estados Unidos,84
Azúcar,Alemania,80
Azúcar,Francia,77
Azúcar,Italia,74
Azúcar,España,78
Azúcar,Portugal,76
Azúcar,Países Bajos,82
Azúcar,Reino Unido,78
Azúcar,Rusia,58
Azúcar,India,77
Azúcar,China,81
Azúcar,Japón,82
Azúcar,Corea del Sur,83
Azúcar,Vietnam,73
Azúcar,Taiwan,81
Azúcar,Sudáfrica,67
Caucho y sus manufacturas,Argentina,73
Caucho y sus manufacturas,Brasil,70
Caucho y sus manufacturas,Paraguay,66
Caucho y sus manufacturas,Chile,78
Caucho y sus manufacturas,Bolivia,61
Caucho y sus manufacturas,Perú,71
Caucho y sus manufacturas,Colombia,70
Caucho y sus manufacturas,Ecuador,65
Caucho y sus manufacturas,México,74
Caucho y sus manufacturas,Panamá,72
Caucho y sus manufacturas,Costa Rica,72
Caucho y sus manufacturas,República Dominicana,63
Caucho y sus manufacturas,Guatemala,58
Caucho y sus manufacturas,El Salvador,61
Caucho y sus manufacturas,Honduras,57
Caucho y sus manufacturas,Nicaragua,52
Caucho y sus manufacturas,Venezuela,29
Caucho y sus manufacturas,Uruguay,70
Caucho y sus manufacturas,Cuba,46
Caucho y sus manufacturas,Haití,31
Caucho y sus manufacturas,Puerto Rico,76
Caucho y sus manufacturas,Belice,59
Caucho y sus manufacturas,Jamaica,64
Caucho y sus manufacturas,Trinidad y Tobago,65
Caucho y sus manufacturas,Barbados,68
Caucho y sus manufacturas,Guyana,57
Caucho y sus manufacturas,Surinam,54
Caucho y sus manufacturas,Canadá,82
Caucho y sus manufacturas,Estados Unidos,85
Caucho y sus manufacturas,Alemania,80
Caucho y sus manufacturas,Francia,77
Caucho y sus manufacturas,Italia,74
Caucho y sus manufacturas,España,78
Caucho y sus manufacturas,Portugal,76
Caucho y sus manufacturas,Países Bajos,82
Caucho y sus manufacturas,Reino Unido,78
Caucho y sus manufacturas,Rusia,57
Caucho y sus manufacturas,India,77
Caucho y sus manufacturas,China,81
Caucho y sus manufacturas,Japón,82
Caucho y sus manufacturas,Corea del Sur,83
Caucho y sus manufacturas,Vietnam,73
Caucho y sus manufacturas,Taiwan,81
Caucho y sus manufacturas,Sudáfrica,67
Productos químicos orgánicos,Argentina,71
Productos químicos orgánicos,Brasil,72
Productos químicos orgánicos,Paraguay,65
Productos químicos orgánicos,Chile,78
Productos químicos orgánicos,Bolivia,60
Productos químicos orgánicos,Perú,70
Productos químicos orgánicos,Colombia,70
Productos químicos orgánicos,Ecuador,65
Productos químicos orgánicos,México,73
Productos químicos orgánicos,Panamá,71
Productos químicos orgánicos,Costa Rica,72
Productos químicos orgánicos,República Dominicana,65
Productos químicos orgánicos,Guatemala,60
Productos químicos orgánicos,El Salvador,61
Productos químicos orgánicos,Honduras,58
Productos químicos orgánicos,Nicaragua,54
Productos químicos orgánicos,Venezuela,30
Productos químicos orgánicos,Uruguay,71
Productos químicos orgánicos,Cuba,47
Productos químicos orgánicos,Haití,32
Productos químicos orgánicos,Puerto Rico,76
Productos químicos orgánicos,Belice,60
Productos químicos orgánicos,Jamaica,64
Productos químicos orgánicos,Trinidad y Tobago,66
Productos químicos orgánicos,Barbados,69
Productos químicos orgánicos,Guyana,58
Productos químicos orgánicos,Surinam,55
Productos químicos orgánicos,Canadá,82
Productos químicos orgánicos,Estados Unidos,85
Productos químicos orgánicos,Alemania,81
Productos químicos orgánicos,Francia,78
Productos químicos orgánicos,Italia,75
Productos químicos orgánicos,España,79
Productos químicos orgánicos,Portugal,77
Productos químicos orgánicos,Países Bajos,83
Productos químicos orgánicos,Reino Unido,79
Productos químicos orgánicos,Rusia,58
Productos químicos orgánicos,India,78
Productos químicos orgánicos,China,82
Productos químicos orgánicos,Japón,82
Productos químicos orgánicos,Corea del Sur,83
Productos químicos orgánicos,Vietnam,74
Productos químicos orgánicos,Taiwan,82
Productos químicos orgánicos,Sudáfrica,68
Material eléctrico,Argentina,72
Material eléctrico,Brasil,71
Material eléctrico,Paraguay,66
Material eléctrico,Chile,77
Material eléctrico,Bolivia,60
Material eléctrico,Perú,70
Material eléctrico,Colombia,70
Material eléctrico,Ecuador,65
Material eléctrico,México,73
Material eléctrico,Panamá,71
Material eléctrico,Costa Rica,71
Material eléctrico,República Dominicana,64
Material eléctrico,Guatemala,59
Material eléctrico,El Salvador,61
Material eléctrico,Honduras,57
Material eléctrico,Nicaragua,53
Material eléctrico,Venezuela,29
Material eléctrico,Uruguay,70
Material eléctrico,Cuba,46
Material eléctrico,Haití,31
Material eléctrico,Puerto Rico,75
Material eléctrico,Belice,60
Material eléctrico,Jamaica,63
Material eléctrico,Trinidad y Tobago,65
Material eléctrico,Barbados,68
Material eléctrico,Guyana,57
Material eléctrico,Surinam,54
Material eléctrico,Canadá,82
Material eléctrico,Estados Unidos,84
Material eléctrico,Alemania,80
Material eléctrico,Francia,77
Material eléctrico,Italia,74
Material eléctrico,España,78
Material eléctrico,Portugal,76
Material eléctrico,Países Bajos,82
Material eléctrico,Reino Unido,78
Material eléctrico,Rusia,58
Material eléctrico,India,77
Material eléctrico,China,81
Material eléctrico,Japón,82
Material eléctrico,Corea del Sur,83
Material eléctrico,Vietnam,73
Material eléctrico,Taiwan,81
Material eléctrico,Sudáfrica,67
Máquinas y aparatos mecánicos,Argentina,73
Máquinas y aparatos mecánicos,Brasil,70
Máquinas y aparatos mecánicos,Paraguay,66
Máquinas y aparatos mecánicos,Chile,78
Máquinas y aparatos mecánicos,Bolivia,61
Máquinas y aparatos mecánicos,Perú,71
Máquinas y aparatos mecánicos,Colombia,70
Máquinas y aparatos mecánicos,Ecuador,65
Máquinas y aparatos mecánicos,México,74
Máquinas y aparatos mecánicos,Panamá,72
Máquinas y aparatos mecánicos,Costa Rica,72
Máquinas y aparatos mecánicos,República Dominicana,63
Máquinas y aparatos mecánicos,Guatemala,58
Máquinas y aparatos mecánicos,El Salvador,61
Máquinas y aparatos mecánicos,Honduras,57
Máquinas y aparatos mecánicos,Nicaragua,52
Máquinas y aparatos mecánicos,Venezuela,29
Máquinas y aparatos mecánicos,Uruguay,70
Máquinas y aparatos mecánicos,Cuba,46
Máquinas y aparatos mecánicos,Haití,31
Máquinas y aparatos mecánicos,Puerto Rico,76
Máquinas y aparatos mecánicos,Belice,59
Máquinas y aparatos mecánicos,Jamaica,64
Máquinas y aparatos mecánicos,Trinidad y Tobago,65
Máquinas y aparatos mecánicos,Barbados,68
Máquinas y aparatos mecánicos,Guyana,57
Máquinas y aparatos mecánicos,Surinam,54
Máquinas y aparatos mecánicos,Canadá,82
Máquinas y aparatos mecánicos,Estados Unidos,85
Máquinas y aparatos mecánicos,Alemania,80
Máquinas y aparatos mecánicos,Francia,77
Máquinas y aparatos mecánicos,Italia,74
Máquinas y aparatos mecánicos,España,78
Máquinas y aparatos mecánicos,Portugal,76
Máquinas y aparatos mecánicos,Países Bajos,82
Máquinas y aparatos mecánicos,Reino Unido,78
Máquinas y aparatos mecánicos,Rusia,57
Máquinas y aparatos mecánicos,India,77
Máquinas y aparatos mecánicos,China,81
Máquinas y aparatos mecánicos,Japón,82
Máquinas y aparatos mecánicos,Corea del Sur,83
Máquinas y aparatos mecánicos,Vietnam,73
Máquinas y aparatos mecánicos,Taiwan,81
Máquinas y aparatos mecánicos,Sudáfrica,67
Fertilizantes,Argentina,71
Fertilizantes,Brasil,72
Fertilizantes,Paraguay,65
Fertilizantes,Chile,78
Fertilizantes,Bolivia,60
Fertilizantes,Perú,70
Fertilizantes,Colombia,70
Fertilizantes,Ecuador,65
Fertilizantes,México,73
Fertilizantes,Panamá,71
Fertilizantes,Costa Rica,72
Fertilizantes,República Dominicana,65
Fertilizantes,Guatemala,60
Fertilizantes,El Salvador,61
Fertilizantes,Honduras,58
Fertilizantes,Nicaragua,54
Fertilizantes,Venezuela,30
Fertilizantes,Uruguay,71
Fertilizantes,Cuba,47
Fertilizantes,Haití,32
Fertilizantes,Puerto Rico,76
Fertilizantes,Belice,60
Fertilizantes,Jamaica,64
Fertilizantes,Trinidad y Tobago,66
Fertilizantes,Barbados,69
Fertilizantes,Guyana,58
Fertilizantes,Surinam,55
Fertilizantes,Canadá,82
Fertilizantes,Estados Unidos,85
Fertilizantes,Alemania,81
Fertilizantes,Francia,78
Fertilizantes,Italia,75
Fertilizantes,España,79
Fertilizantes,Portugal,77
Fertilizantes,Países Bajos,83
Fertilizantes,Reino Unido,79
Fertilizantes,Rusia,58
Fertilizantes,India,78
Fertilizantes,China,82
Fertilizantes,Japón,82
Fertilizantes,Corea del Sur,83
Fertilizantes,Vietnam,74
Fertilizantes,Taiwan,82
Fertilizantes,Sudáfrica,68
Frutas (otras que cítricos),Argentina,72
Frutas (otras que cítricos),Brasil,71
Frutas (otras que cítricos),Paraguay,66
Frutas (otras que cítricos),Chile,77
Frutas (otras que cítricos),Bolivia,60
Frutas (otras que cítricos),Perú,70
Frutas (otras que cítricos),Colombia,70
Frutas (otras que cítricos),Ecuador,65
Frutas (otras que cítricos),México,73
Frutas (otras que cítricos),Panamá,71
Frutas (otras que cítricos),Costa Rica,71
Frutas (otras que cítricos),República Dominicana,64
Frutas (otras que cítricos),Guatemala,59
Frutas (otras que cítricos),El Salvador,61
Frutas (otras que cítricos),Honduras,57
Frutas (otras que cítricos),Nicaragua,53
Frutas (otras que cítricos),Venezuela,29
Frutas (otras que cítricos),Uruguay,70
Frutas (otras que cítricos),Cuba,46
Frutas (otras que cítricos),Haití,31
Frutas (otras que cítricos),Puerto Rico,75
Frutas (otras que cítricos),Belice,60
Frutas (otras que cítricos),Jamaica,63
Frutas (otras que cítricos),Trinidad y Tobago,65
Frutas (otras que cítricos),Barbados,68
Frutas (otras que cítricos),Guyana,57
Frutas (otras que cítricos),Surinam,54
Frutas (otras que cítricos),Canadá,82
Frutas (otras que cítricos),Estados Unidos,84
Frutas (otras que cítricos),Alemania,80
Frutas (otras que cítricos),Francia,77
Frutas (otras que cítricos),Italia,74
Frutas (otras que cítricos),España,78
Frutas (otras que cítricos),Portugal,76
Frutas (otras que cítricos),Países Bajos,82
Frutas (otras que cítricos),Reino Unido,78
Frutas (otras que cítricos),Rusia,58
Frutas (otras que cítricos),India,77
Frutas (otras que cítricos),China,81
Frutas (otras que cítricos),Japón,82
Frutas (otras que cítricos),Corea del Sur,83
Frutas (otras que cítricos),Vietnam,73
Frutas (otras que cítricos),Taiwan,81
Frutas (otras que cítricos),Sudáfrica,67
Verduras,Argentina,73
Verduras,Brasil,70
Verduras,Paraguay,66
Verduras,Chile,78
Verduras,Bolivia,61
Verduras,Perú,71
Verduras,Colombia,70
Verduras,Ecuador,65
Verduras,México,74
Verduras,Panamá,72
Verduras,Costa Rica,72
Verduras,República Dominicana,63
Verduras,Guatemala,58
Verduras,El Salvador,61
Verduras,Honduras,57
Verduras,Nicaragua,52
Verduras,Venezuela,29
Verduras,Uruguay,70
Verduras,Cuba,46
Verduras,Haití,31
Verduras,Puerto Rico,76
Verduras,Belice,59
Verduras,Jamaica,64
Verduras,Trinidad y Tobago,65
Verduras,Barbados,68
Verduras,Guyana,57
Verduras,Surinam,54
Verduras,Canadá,82
Verduras,Estados Unidos,85
Verduras,Alemania,80
Verduras,Francia,77
Verduras,Italia,74
Verduras,España,78
Verduras,Portugal,76
Verduras,Países Bajos,82
Verduras,Reino Unido,78
Verduras,Rusia,57
Verduras,India,77
Verduras,China,81
Verduras,Japón,82
Verduras,Corea del Sur,83
Verduras,Vietnam,73
Verduras,Taiwan,81
Verduras,Sudáfrica,67
Miel,Argentina,71
Miel,Brasil,72
Miel,Paraguay,65
Miel,Chile,78
Miel,Bolivia,60
Miel,Perú,70
Miel,Colombia,70
Miel,Ecuador,65
Miel,México,73
Miel,Panamá,71
Miel,Costa Rica,72
Miel,República Dominicana,65
Miel,Guatemala,60
Miel,El Salvador,61
Miel,Honduras,58
Miel,Nicaragua,54
Miel,Venezuela,30
Miel,Uruguay,71
Miel,Cuba,47
Miel,Haití,32
Miel,Puerto Rico,76
Miel,Belice,60
Miel,Jamaica,64
Miel,Trinidad y Tobago,66
Miel,Barbados,69
Miel,Guyana,58
Miel,Surinam,55
Miel,Canadá,82
Miel,Estados Unidos,85
Miel,Alemania,81
Miel,Francia,78
Miel,Italia,75
Miel,España,79
Miel,Portugal,77
Miel,Países Bajos,83
Miel,Reino Unido,79
Miel,Rusia,58
Miel,India,78
Miel,China,82
Miel,Japón,82
Miel,Corea del Sur,83
Miel,Vietnam,74
Miel,Taiwan,82
Miel,Sudáfrica,68
Aceites y grasas vegetales,Argentina,72
Aceites y grasas vegetales,Brasil,71
Aceites y grasas vegetales,Paraguay,66
Aceites y grasas vegetales,Chile,77
Aceites y grasas vegetales,Bolivia,60
Aceites y grasas vegetales,Perú,70
Aceites y grasas vegetales,Colombia,70
Aceites y grasas vegetales,Ecuador,65
Aceites y grasas vegetales,México,73
Aceites y grasas vegetales,Panamá,71
Aceites y grasas vegetales,Costa Rica,71
Aceites y grasas vegetales,República Dominicana,64
Aceites y grasas vegetales,Guatemala,59
Aceites y grasas vegetales,El Salvador,61
Aceites y grasas vegetales,Honduras,57
Aceites y grasas vegetales,Nicaragua,53
Aceites y grasas vegetales,Venezuela,29
Aceites y grasas vegetales,Uruguay,70
Aceites y grasas vegetales,Cuba,46
Aceites y grasas vegetales,Haití,31
Aceites y grasas vegetales,Puerto Rico,75
Aceites y grasas vegetales,Belice,60
Aceites y grasas vegetales,Jamaica,63
Aceites y grasas vegetales,Trinidad y Tobago,65
Aceites y grasas vegetales,Barbados,68
Aceites y grasas vegetales,Guyana,57
Aceites y grasas vegetales,Surinam,54
Aceites y grasas vegetales,Canadá,82
Aceites y grasas vegetales,Estados Unidos,84
Aceites y grasas vegetales,Alemania,80
Aceites y grasas vegetales,Francia,77
Aceites y grasas vegetales,Italia,74
Aceites y grasas vegetales,España,78
Aceites y grasas vegetales,Portugal,76
Aceites y grasas vegetales,Países Bajos,82
Aceites y grasas vegetales,Reino Unido,78
Aceites y grasas vegetales,Rusia,58
Aceites y grasas vegetales,India,77
Aceites y grasas vegetales,China,81
Aceites y grasas vegetales,Japón,82
Aceites y grasas vegetales,Corea del Sur,83
Aceites y grasas vegetales,Vietnam,73
Aceites y grasas vegetales,Taiwan,81
Aceites y grasas vegetales,Sudáfrica,67
Caucho sintético,Argentina,73
Caucho sintético,Brasil,70
Caucho sintético,Paraguay,66
Caucho sintético,Chile,78
Caucho sintético,Bolivia,61
Caucho sintético,Perú,71
Caucho sintético,Colombia,70
Caucho sintético,Ecuador,65
Caucho sintético,México,74
Caucho sintético,Panamá,72
Caucho sintético,Costa Rica,72
Caucho sintético,República Dominicana,63
Caucho sintético,Guatemala,58
Caucho sintético,El Salvador,61
Caucho sintético,Honduras,57
Caucho sintético,Nicaragua,52
Caucho sintético,Venezuela,29
Caucho sintético,Uruguay,70
Caucho sintético,Cuba,46
Caucho sintético,Haití,31
Caucho sintético,Puerto Rico,76
Caucho sintético,Belice,59
Caucho sintético,Jamaica,64
Caucho sintético,Trinidad y Tobago,65
Caucho sintético,Barbados,68
Caucho sintético,Guyana,57
Caucho sintético,Surinam,54
Caucho sintético,Canadá,82
Caucho sintético,Estados Unidos,85
Caucho sintético,Alemania,80
Caucho sintético,Francia,77
Caucho sintético,Italia,74
Caucho sintético,España,78
Caucho sintético,Portugal,76
Caucho sintético,Países Bajos,82
Caucho sintético,Reino Unido,78
Caucho sintético,Rusia,57
Caucho sintético,India,77
Caucho sintético,China,81
Caucho sintético,Japón,82
Caucho sintético,Corea del Sur,83
Caucho sintético,Vietnam,73
Caucho sintético,Taiwan,81
Caucho sintético,Sudáfrica,67
Papel y cartón,Argentina,71
Papel y cartón,Brasil,72
Papel y cartón,Paraguay,65
Papel y cartón,Chile,78
Papel y cartón,Bolivia,60
Papel y cartón,Perú,70
Papel y cartón,Colombia,70
Papel y cartón,Ecuador,65
Papel y cartón,México,73
Papel y cartón,Panamá,71
Papel y cartón,Costa Rica,72
Papel y cartón,República Dominicana,65
Papel y cartón,Guatemala,60
Papel y cartón,El Salvador,61
Papel y cartón,Honduras,58
Papel y cartón,Nicaragua,54
Papel y cartón,Venezuela,30
Papel y cartón,Uruguay,71
Papel y cartón,Cuba,47
Papel y cartón,Haití,32
Papel y cartón,Puerto Rico,76
Papel y cartón,Belice,60
Papel y cartón,Jamaica,64
Papel y cartón,Trinidad y Tobago,66
Papel y cartón,Barbados,69
Papel y cartón,Guyana,58
Papel y cartón,Surinam,55
Papel y cartón,Canadá,82
Papel y cartón,Estados Unidos,85
Papel y cartón,Alemania,81
Papel y cartón,Francia,78
Papel y cartón,Italia,75
Papel y cartón,España,79
Papel y cartón,Portugal,77
Papel y cartón,Países Bajos,83
Papel y cartón,Reino Unido,79
Papel y cartón,Rusia,58
Papel y cartón,India,78
Papel y cartón,China,82
Papel y cartón,Japón,82
Papel y cartón,Corea del Sur,83
Papel y cartón,Vietnam,74
Papel y cartón,Taiwan,82
Papel y cartón,Sudáfrica,68
Muebles,Argentina,72
Muebles,Brasil,71
Muebles,Paraguay,66
Muebles,Chile,77
Muebles,Bolivia,60
Muebles,Perú,70
Muebles,Colombia,70
Muebles,Ecuador,65
Muebles,México,73
Muebles,Panamá,71
Muebles,Costa Rica,71
Muebles,República Dominicana,64
Muebles,Guatemala,59
Muebles,El Salvador,61
Muebles,Honduras,57
Muebles,Nicaragua,53
Muebles,Venezuela,29
Muebles,Uruguay,70
Muebles,Cuba,46
Muebles,Haití,31
Muebles,Puerto Rico,75
Muebles,Belice,60
Muebles,Jamaica,63
Muebles,Trinidad y Tobago,65
Muebles,Barbados,68
Muebles,Guyana,57
Muebles,Surinam,54
Muebles,Canadá,82
Muebles,Estados Unidos,84
Muebles,Alemania,80
Muebles,Francia,77
Muebles,Italia,74
Muebles,España,78
Muebles,Portugal,76
Muebles,Países Bajos,82
Muebles,Reino Unido,78
Muebles,Rusia,58
Muebles,India,77
Muebles,China,81
Muebles,Japón,82
Muebles,Corea del Sur,83
Muebles,Vietnam,73
Muebles,Taiwan,81
Muebles,Sudáfrica,67
Calzados,Argentina,73
Calzados,Brasil,70
Calzados,Paraguay,66
Calzados,Chile,78
Calzados,Bolivia,61
Calzados,Perú,71
Calzados,Colombia,70
Calzados,Ecuador,65
Calzados,México,74
Calzados,Panamá,72
Calzados,Costa Rica,72
Calzados,República Dominicana,63
Calzados,Guatemala,58
Calzados,El Salvador,61
Calzados,Honduras,57
Calzados,Nicaragua,52
Calzados,Venezuela,29
Calzados,Uruguay,70
Calzados,Cuba,46
Calzados,Haití,31
Calzados,Puerto Rico,76
Calzados,Belice,59
Calzados,Jamaica,64
Calzados,Trinidad y Tobago,65
Calzados,Barbados,68
Calzados,Guyana,57
Calzados,Surinam,54
Calzados,Canadá,82
Calzados,Estados Unidos,85
Calzados,Alemania,80
Calzados,Francia,77
Calzados,Italia,74
Calzados,España,78
Calzados,Portugal,76
Calzados,Países Bajos,82
Calzados,Reino Unido,78
Calzados,Rusia,57
Calzados,India,77
Calzados,China,81
Calzados,Japón,82
Calzados,Corea del Sur,83
Calzados,Vietnam,73
Calzados,Taiwan,81
Calzados,Sudáfrica,67
Juguetes y artículos de deporte,Argentina,71
Juguetes y artículos de deporte,Brasil,72
Juguetes y artículos de deporte,Paraguay,65
Juguetes y artículos de deporte,Chile,78
Juguetes y artículos de deporte,Bolivia,60
Juguetes y artículos de deporte,Perú,70
Juguetes y artículos de deporte,Colombia,70
Juguetes y artículos de deporte,Ecuador,65
Juguetes y artículos de deporte,México,73
Juguetes y artículos de deporte,Panamá,71
Juguetes y artículos de deporte,Costa Rica,72
Juguetes y artículos de deporte,República Dominicana,65
Juguetes y artículos de deporte,Guatemala,60
Juguetes y artículos de deporte,El Salvador,61
Juguetes y artículos de deporte,Honduras,58
Juguetes y artículos de deporte,Nicaragua,54
Juguetes y artículos de deporte,Venezuela,30
Juguetes y artículos de deporte,Uruguay,71
Juguetes y artículos de deporte,Cuba,47
Juguetes y artículos de deporte,Haití,32
Juguetes y artículos de deporte,Puerto Rico,76
Juguetes y artículos de deporte,Belice,60
Juguetes y artículos de deporte,Jamaica,64
Juguetes y artículos de deporte,Trinidad y Tobago,66
Juguetes y artículos de deporte,Barbados,69
Juguetes y artículos de deporte,Guyana,58
Juguetes y artículos de deporte,Surinam,55
Juguetes y artículos de deporte,Canadá,82
Juguetes y artículos de deporte,Estados Unidos,85
Juguetes y artículos de deporte,Alemania,81
Juguetes y artículos de deporte,Francia,78
Juguetes y artículos de deporte,Italia,75
Juguetes y artículos de deporte,España,79
Juguetes y artículos de deporte,Portugal,77
Juguetes y artículos de deporte,Países Bajos,83
Juguetes y artículos de deporte,Reino Unido,79
Juguetes y artículos de deporte,Rusia,58
Juguetes y artículos de deporte,India,78
Juguetes y artículos de deporte,China,82
Juguetes y artículos de deporte,Japón,82
Juguetes y artículos de deporte,Corea del Sur,83
Juguetes y artículos de deporte,Vietnam,74
Juguetes y artículos de deporte,Taiwan,82
Juguetes y artículos de deporte,Sudáfrica,68
Preparaciones de legumbres,Argentina,72
Preparaciones de legumbres,Brasil,71
Preparaciones de legumbres,Paraguay,66
Preparaciones de legumbres,Chile,77
Preparaciones de legumbres,Bolivia,60
Preparaciones de legumbres,Perú,70
Preparaciones de legumbres,Colombia,70
Preparaciones de legumbres,Ecuador,65
Preparaciones de legumbres,México,73
Preparaciones de legumbres,Panamá,71
Preparaciones de legumbres,Costa Rica,71
Preparaciones de legumbres,República Dominicana,64
Preparaciones de legumbres,Guatemala,59
Preparaciones de legumbres,El Salvador,61
Preparaciones de legumbres,Honduras,57
Preparaciones de legumbres,Nicaragua,53
Preparaciones de legumbres,Venezuela,29
Preparaciones de legumbres,Uruguay,70
Preparaciones de legumbres,Cuba,46
Preparaciones de legumbres,Haití,31
Preparaciones de legumbres,Puerto Rico,75
Preparaciones de legumbres,Belice,60
Preparaciones de legumbres,Jamaica,63
Preparaciones de legumbres,Trinidad y Tobago,65
Preparaciones de legumbres,Barbados,68
Preparaciones de legumbres,Guyana,57
Preparaciones de legumbres,Surinam,54
Preparaciones de legumbres,Canadá,82
Preparaciones de legumbres,Estados Unidos,84
Preparaciones de legumbres,Alemania,80
Preparaciones de legumbres,Francia,77
Preparaciones de legumbres,Italia,74
Preparaciones de legumbres,España,78
Preparaciones de legumbres,Portugal,76
Preparaciones de legumbres,Países Bajos,82
Preparaciones de legumbres,Reino Unido,78
Preparaciones de legumbres,Rusia,58
Preparaciones de legumbres,India,77
Preparaciones de legumbres,China,81
Preparaciones de legumbres,Japón,82
Preparaciones de legumbres,Corea del Sur,83
Preparaciones de legumbres,Vietnam,73
Preparaciones de legumbres,Taiwan,81
Preparaciones de legumbres,Sudáfrica,67
Productos de molinería,Argentina,73
Productos de molinería,Brasil,70
Productos de molinería,Paraguay,66
Productos de molinería,Chile,78
Productos de molinería,Bolivia,61
Productos de molinería,Perú,71
Productos de molinería,Colombia,70
Productos de molinería,Ecuador,65
Productos de molinería,México,74
Productos de molinería,Panamá,72
Productos de molinería,Costa Rica,72
Productos de molinería,República Dominicana,63
Productos de molinería,Guatemala,58
Productos de molinería,El Salvador,61
Productos de molinería,Honduras,57
Productos de molinería,Nicaragua,52
Productos de molinería,Venezuela,29
Productos de molinería,Uruguay,70
Productos de molinería,Cuba,46
Productos de molinería,Haití,31
Productos de molinería,Puerto Rico,76
Productos de molinería,Belice,59
Productos de molinería,Jamaica,64
Productos de molinería,Trinidad y Tobago,65
Productos de molinería,Barbados,68
Productos de molinería,Guyana,57
Productos de molinería,Surinam,54
Productos de molinería,Canadá,82
Productos de molinería,Estados Unidos,85
Productos de molinería,Alemania,80
Productos de molinería,Francia,77
Productos de molinería,Italia,74
Productos de molinería,España,78
Productos de molinería,Portugal,76
Productos de molinería,Países Bajos,82
Productos de molinería,Reino Unido,78
Productos de molinería,Rusia,57
Productos de molinería,India,77
Productos de molinería,China,81
Productos de molinería,Japón,82
Productos de molinería,Corea del Sur,83
Productos de molinería,Vietnam,73
Productos de molinería,Taiwan,81
Productos de molinería,Sudáfrica,67
Textiles,Argentina,71
Textiles,Brasil,72
Textiles,Paraguay,65
Textiles,Chile,78
Textiles,Bolivia,60
Textiles,Perú,70
Textiles,Colombia,70
Textiles,Ecuador,65
Textiles,México,73
Textiles,Panamá,71
Textiles,Costa Rica,72
Textiles,República Dominicana,65
Textiles,Guatemala,60
Textiles,El Salvador,61
Textiles,Honduras,58
Textiles,Nicaragua,54
Textiles,Venezuela,30
Textiles,Uruguay,71
Textiles,Cuba,47
Textiles,Haití,32
Textiles,Puerto Rico,76
Textiles,Belice,60
Textiles,Jamaica,64
Textiles,Trinidad y Tobago,66
Textiles,Barbados,69
Textiles,Guyana,58
Textiles,Surinam,55
Textiles,Canadá,82
Textiles,Estados Unidos,85
Textiles,Alemania,81
Textiles,Francia,78
Textiles,Italia,75
Textiles,España,79
Textiles,Portugal,77
Textiles,Países Bajos,83
Textiles,Reino Unido,79
Textiles,Rusia,58
Textiles,India,78
Textiles,China,82
Textiles,Japón,82
Textiles,Corea del Sur,83
Textiles,Vietnam,74
Textiles,Taiwan,82
Textiles,Sudáfrica,68
Productos farmacéuticos,Argentina,72
Productos farmacéuticos,Brasil,71
Productos farmacéuticos,Paraguay,66
Productos farmacéuticos,Chile,77
Productos farmacéuticos,Bolivia,60
Productos farmacéuticos,Perú,70
Productos farmacéuticos,Colombia,70
Productos farmacéuticos,Ecuador,65
Productos farmacéuticos,México,73
Productos farmacéuticos,Panamá,71
Productos farmacéuticos,Costa Rica,71
Productos farmacéuticos,República Dominicana,64
Productos farmacéuticos,Guatemala,59
Productos farmacéuticos,El Salvador,61
Productos farmacéuticos,Honduras,57
Productos farmacéuticos,Nicaragua,53
Productos farmacéuticos,Venezuela,29
Productos farmacéuticos,Uruguay,70
Productos farmacéuticos,Cuba,46
Productos farmacéuticos,Haití,31
Productos farmacéuticos,Puerto Rico,75
Productos farmacéuticos,Belice,60
Productos farmacéuticos,Jamaica,63
Productos farmacéuticos,Trinidad y Tobago,65
Productos farmacéuticos,Barbados,68
Productos farmacéuticos,Guyana,57
Productos farmacéuticos,Surinam,54
Productos farmacéuticos,Canadá,82
Productos farmacéuticos,Estados Unidos,84
Productos farmacéuticos,Alemania,80
Productos farmacéuticos,Francia,77
Productos farmacéuticos,Italia,74
Productos farmacéuticos,España,78
Productos farmacéuticos,Portugal,76
Productos farmacéuticos,Países Bajos,82
Productos farmacéuticos,Reino Unido,78
Productos farmacéuticos,Rusia,58
Productos farmacéuticos,India,77
Productos farmacéuticos,China,81
Productos farmacéuticos,Japón,82
Productos farmacéuticos,Corea del Sur,83
Productos farmacéuticos,Vietnam,73
Productos farmacéuticos,Taiwan,81
Productos farmacéuticos,Sudáfrica,67
Instrumentos ópticos,Argentina,73
Instrumentos ópticos,Brasil,70
Instrumentos ópticos,Paraguay,66
Instrumentos ópticos,Chile,78
Instrumentos ópticos,Bolivia,61
Instrumentos ópticos,Perú,71
Instrumentos ópticos,Colombia,70
Instrumentos ópticos,Ecuador,65
Instrumentos ópticos,México,74
Instrumentos ópticos,Panamá,72
Instrumentos ópticos,Costa Rica,72
Instrumentos ópticos,República Dominicana,63
Instrumentos ópticos,Guatemala,58
Instrumentos ópticos,El Salvador,61
Instrumentos ópticos,Honduras,57
Instrumentos ópticos,Nicaragua,52
Instrumentos ópticos,Venezuela,29
Instrumentos ópticos,Uruguay,70
Instrumentos ópticos,Cuba,46
Instrumentos ópticos,Haití,31
Instrumentos ópticos,Puerto Rico,76
Instrumentos ópticos,Belice,59
Instrumentos ópticos,Jamaica,64
Instrumentos ópticos,Trinidad y Tobago,65
Instrumentos ópticos,Barbados,68
Instrumentos ópticos,Guyana,57
Instrumentos ópticos,Surinam,54
Instrumentos ópticos,Canadá,82
Instrumentos ópticos,Estados Unidos,85
Instrumentos ópticos,Alemania,80
Instrumentos ópticos,Francia,77
Instrumentos ópticos,Italia,74
Instrumentos ópticos,España,78
Instrumentos ópticos,Portugal,76
Instrumentos ópticos,Países Bajos,82
Instrumentos ópticos,Reino Unido,78
Instrumentos ópticos,Rusia,57
Instrumentos ópticos,India,77
Instrumentos ópticos,China,81
Instrumentos ópticos,Japón,82
Instrumentos ópticos,Corea del Sur,83
Instrumentos ópticos,Vietnam,73
Instrumentos ópticos,Taiwan,81
Instrumentos ópticos,Sudáfrica,67
Jabones,Argentina,71
Jabones,Brasil,72
Jabones,Paraguay,65
Jabones,Chile,78
Jabones,Bolivia,60
Jabones,Perú,70
Jabones,Colombia,70
Jabones,Ecuador,65
Jabones,México,73
Jabones,Panamá,71
Jabones,Costa Rica,72
Jabones,República Dominicana,65
Jabones,Guatemala,60
Jabones,El Salvador,61
Jabones,Honduras,58
Jabones,Nicaragua,54
Jabones,Venezuela,30
Jabones,Uruguay,71
Jabones,Cuba,47
Jabones,Haití,32
Jabones,Puerto Rico,76
Jabones,Belice,60
Jabones,Jamaica,64
Jabones,Trinidad y Tobago,66
Jabones,Barbados,69
Jabones,Guyana,58
Jabones,Surinam,55
Jabones,Canadá,82
Jabones,Estados Unidos,85
Jabones,Alemania,81
Jabones,Francia,78
Jabones,Italia,75
Jabones,España,79
Jabones,Portugal,77
Jabones,Países Bajos,83
Jabones,Reino Unido,79
Jabones,Rusia,58
Jabones,India,78
Jabones,China,82
Jabones,Japón,82
Jabones,Corea del Sur,83
Jabones,Vietnam,74
Jabones,Taiwan,82
Jabones,Sudáfrica,68
Perfumes y cosméticos,Argentina,72
Perfumes y cosméticos,Brasil,71
Perfumes y cosméticos,Paraguay,66
Perfumes y cosméticos,Chile,77
Perfumes y cosméticos,Bolivia,60
Perfumes y cosméticos,Perú,70
Perfumes y cosméticos,Colombia,70
Perfumes y cosméticos,Ecuador,65
Perfumes y cosméticos,México,73
Perfumes y cosméticos,Panamá,71
Perfumes y cosméticos,Costa Rica,71
Perfumes y cosméticos,República Dominicana,64
Perfumes y cosméticos,Guatemala,59
Perfumes y cosméticos,El Salvador,61
Perfumes y cosméticos,Honduras,57
Perfumes y cosméticos,Nicaragua,53
Perfumes y cosméticos,Venezuela,29
Perfumes y cosméticos,Uruguay,70
Perfumes y cosméticos,Cuba,46
Perfumes y cosméticos,Haití,31
Perfumes y cosméticos,Puerto Rico,75
Perfumes y cosméticos,Belice,60
Perfumes y cosméticos,Jamaica,63
Perfumes y cosméticos,Trinidad y Tobago,65
Perfumes y cosméticos,Barbados,68
Perfumes y cosméticos,Guyana,57
Perfumes y cosméticos,Surinam,54
Perfumes y cosméticos,Canadá,82
Perfumes y cosméticos,Estados Unidos,84
Perfumes y cosméticos,Alemania,80
Perfumes y cosméticos,Francia,77
Perfumes y cosméticos,Italia,74
Perfumes y cosméticos,España,78
Perfumes y cosméticos,Portugal,76
Perfumes y cosméticos,Países Bajos,82
Perfumes y cosméticos,Reino Unido,78
Perfumes y cosméticos,Rusia,58
Perfumes y cosméticos,India,77
Perfumes y cosméticos,China,81
Perfumes y cosméticos,Japón,82
Perfumes y cosméticos,Corea del Sur,83
Perfumes y cosméticos,Vietnam,73
Perfumes y cosméticos,Taiwan,81
Perfumes y cosméticos,Sudáfrica,67
Artículos de viaje,Argentina,73
Artículos de viaje,Brasil,70
Artículos de viaje,Paraguay,66
Artículos de viaje,Chile,78
Artículos de viaje,Bolivia,61
Artículos de viaje,Perú,71
Artículos de viaje,Colombia,70
Artículos de viaje,Ecuador,65
Artículos de viaje,México,74
Artículos de viaje,Panamá,72
Artículos de viaje,Costa Rica,72
Artículos de viaje,República Dominicana,63
Artículos de viaje,Guatemala,58
Artículos de viaje,El Salvador,61
Artículos de viaje,Honduras,57
Artículos de viaje,Nicaragua,52
Artículos de viaje,Venezuela,29
Artículos de viaje,Uruguay,70
Artículos de viaje,Cuba,46
Artículos de viaje,Haití,31
Artículos de viaje,Puerto Rico,76
Artículos de viaje,Belice,59
Artículos de viaje,Jamaica,64
Artículos de viaje,Trinidad y Tobago,65
Artículos de viaje,Barbados,68
Artículos de viaje,Guyana,57
Artículos de viaje,Surinam,54
Artículos de viaje,Canadá,82
Artículos de viaje,Estados Unidos,85
Artículos de viaje,Alemania,80
Artículos de viaje,Francia,77
Artículos de viaje,Italia,74
Artículos de viaje,España,78
Artículos de viaje,Portugal,76
Artículos de viaje,Países Bajos,82
Artículos de viaje,Reino Unido,78
Artículos de viaje,Rusia,57
Artículos de viaje,India,77
Artículos de viaje,China,81
Artículos de viaje,Japón,82
Artículos de viaje,Corea del Sur,83
Artículos de viaje,Vietnam,73
Artículos de viaje,Taiwan,81
Artículos de viaje,Sudáfrica,67
Cerámica,Argentina,71
Cerámica,Brasil,72
Cerámica,Paraguay,65
Cerámica,Chile,78
Cerámica,Bolivia,60
Cerámica,Perú,70
Cerámica,Colombia,70
Cerámica,Ecuador,65
Cerámica,México,73
Cerámica,Panamá,71
Cerámica,Costa Rica,72
Cerámica,República Dominicana,65
Cerámica,Guatemala,60
Cerámica,El Salvador,61
Cerámica,Honduras,58
Cerámica,Nicaragua,54
Cerámica,Venezuela,30
Cerámica,Uruguay,71
Cerámica,Cuba,47
Cerámica,Haití,32
Cerámica,Puerto Rico,76
Cerámica,Belice,60
Cerámica,Jamaica,64
Cerámica,Trinidad y Tobago,66
Cerámica,Barbados,69
Cerámica,Guyana,58
Cerámica,Surinam,55
Cerámica,Canadá,82
Cerámica,Estados Unidos,85
Cerámica,Alemania,81
Cerámica,Francia,78
Cerámica,Italia,75
Cerámica,España,79
Cerámica,Portugal,77
Cerámica,Países Bajos,83
Cerámica,Reino Unido,79
Cerámica,Rusia,58
Cerámica,India,78
Cerámica,China,82
Cerámica,Japón,82
Cerámica,Corea del Sur,83
Cerámica,Vietnam,74
Cerámica,Taiwan,82
Cerámica,Sudáfrica,68
Vidrio,Argentina,72
Vidrio,Brasil,71
Vidrio,Paraguay,66
Vidrio,Chile,77
Vidrio,Bolivia,60
Vidrio,Perú,70
Vidrio,Colombia,70
Vidrio,Ecuador,65
Vidrio,México,73
Vidrio,Panamá,71
Vidrio,Costa Rica,71
Vidrio,República Dominicana,64
Vidrio,Guatemala,59
Vidrio,El Salvador,61
Vidrio,Honduras,57
Vidrio,Nicaragua,53
Vidrio,Venezuela,29
Vidrio,Uruguay,70
Vidrio,Cuba,46
Vidrio,Haití,31
Vidrio,Puerto Rico,75
Vidrio,Belice,60
Vidrio,Jamaica,63
Vidrio,Trinidad y Tobago,65
Vidrio,Barbados,68
Vidrio,Guyana,57
Vidrio,Surinam,54
Vidrio,Canadá,82
Vidrio,Estados Unidos,84
Vidrio,Alemania,80
Vidrio,Francia,77
Vidrio,Italia,74
Vidrio,España,78
Vidrio,Portugal,76
Vidrio,Países Bajos,82
Vidrio,Reino Unido,78
Vidrio,Rusia,58
Vidrio,India,77
Vidrio,China,81
Vidrio,Japón,82
Vidrio,Corea del Sur,83
Vidrio,Vietnam,73
Vidrio,Taiwan,81
Vidrio,Sudáfrica,67
Fundición de hierro y acero,Argentina,73
Fundición de hierro y acero,Brasil,70
Fundición de hierro y acero,Paraguay,66
Fundición de hierro y acero,Chile,78
Fundición de hierro y acero,Bolivia,61
Fundición de hierro y acero,Perú,71
Fundición de hierro y acero,Colombia,70
Fundición de hierro y acero,Ecuador,65
Fundición de hierro y acero,México,74
Fundición de hierro y acero,Panamá,72
Fundición de hierro y acero,Costa Rica,72
Fundición de hierro y acero,República Dominicana,63
Fundición de hierro y acero,Guatemala,58
Fundición de hierro y acero,El Salvador,61
Fundición de hierro y acero,Honduras,57
Fundición de hierro y acero,Nicaragua,52
Fundición de hierro y acero,Venezuela,29
Fundición de hierro y acero,Uruguay,70
Fundición de hierro y acero,Cuba,46
Fundición de hierro y acero,Haití,31
Fundición de hierro y acero,Puerto Rico,76
Fundición de hierro y acero,Belice,59
Fundición de hierro y acero,Jamaica,64
Fundición de hierro y acero,Trinidad y Tobago,65
Fundición de hierro y acero,Barbados,68
Fundición de hierro y acero,Guyana,57
Fundición de hierro y acero,Surinam,54
Fundición de hierro y acero,Canadá,82
Fundición de hierro y acero,Estados Unidos,85
Fundición de hierro y acero,Alemania,80
Fundición de hierro y acero,Francia,77
Fundición de hierro y acero,Italia,74
Fundición de hierro y acero,España,78
Fundición de hierro y acero,Portugal,76
Fundición de hierro y acero,Países Bajos,82
Fundición de hierro y acero,Reino Unido,78
Fundición de hierro y acero,Rusia,57
Fundición de hierro y acero,India,77
Fundición de hierro y acero,China,81
Fundición de hierro y acero,Japón,82
Fundición de hierro y acero,Corea del Sur,83
Fundición de hierro y acero,Vietnam,73
Fundición de hierro y acero,Taiwan,81
Fundición de hierro y acero,Sudáfrica,67
Aluminio,Argentina,71
Aluminio,Brasil,72
Aluminio,Paraguay,65
Aluminio,Chile,78
Aluminio,Bolivia,60
Aluminio,Perú,70
Aluminio,Colombia,70
Aluminio,Ecuador,65
Aluminio,México,73
Aluminio,Panamá,71
Aluminio,Costa Rica,72
Aluminio,República Dominicana,65
Aluminio,Guatemala,60
Aluminio,El Salvador,61
Aluminio,Honduras,58
Aluminio,Nicaragua,54
Aluminio,Venezuela,30
Aluminio,Uruguay,71
Aluminio,Cuba,47
Aluminio,Haití,32
Aluminio,Puerto Rico,76
Aluminio,Belice,60
Aluminio,Jamaica,64
Aluminio,Trinidad y Tobago,66
Aluminio,Barbados,69
Aluminio,Guyana,58
Aluminio,Surinam,55
Aluminio,Canadá,82
Aluminio,Estados Unidos,85
Aluminio,Alemania,81
Aluminio,Francia,78
Aluminio,Italia,75
Aluminio,España,79
Aluminio,Portugal,77
Aluminio,Países Bajos,83
Aluminio,Reino Unido,79
Aluminio,Rusia,58
Aluminio,India,78
Aluminio,China,82
Aluminio,Japón,82
Aluminio,Corea del Sur,83
Aluminio,Vietnam,74
Aluminio,Taiwan,82
Aluminio,Sudáfrica,68
Cobre,Argentina,72
Cobre,Brasil,71
Cobre,Paraguay,66
Cobre,Chile,77
Cobre,Bolivia,60
Cobre,Perú,70
Cobre,Colombia,70
Cobre,Ecuador,65
Cobre,México,73
Cobre,Panamá,71
Cobre,Costa Rica,71
Cobre,República Dominicana,64
Cobre,Guatemala,59
Cobre,El Salvador,61
Cobre,Honduras,57
Cobre,Nicaragua,53
Cobre,Venezuela,29
Cobre,Uruguay,70
Cobre,Cuba,46
Cobre,Haití,31
Cobre,Puerto Rico,75
Cobre,Belice,60
Cobre,Jamaica,63
Cobre,Trinidad y Tobago,65
Cobre,Barbados,68
Cobre,Guyana,57
Cobre,Surinam,54
Cobre,Canadá,82
Cobre,Estados Unidos,84
Cobre,Alemania,80
Cobre,Francia,77
Cobre,Italia,74
Cobre,España,78
Cobre,Portugal,76
Cobre,Países Bajos,82
Cobre,Reino Unido,78
Cobre,Rusia,58
Cobre,India,77
Cobre,China,81
Cobre,Japón,82
Cobre,Corea del Sur,83
Cobre,Vietnam,73
Cobre,Taiwan,81
Cobre,Sudáfrica,67
Níquel,Argentina,73
Níquel,Brasil,70
Níquel,Paraguay,66
Níquel,Chile,78
Níquel,Bolivia,61
Níquel,Perú,71
Níquel,Colombia,70
Níquel,Ecuador,65
Níquel,México,74
Níquel,Panamá,72
Níquel,Costa Rica,72
Níquel,República Dominicana,63
Níquel,Guatemala,58
Níquel,El Salvador,61
Níquel,Honduras,57
Níquel,Nicaragua,52
Níquel,Venezuela,29
Níquel,Uruguay,70
Níquel,Cuba,46
Níquel,Haití,31
Níquel,Puerto Rico,76
Níquel,Belice,59
Níquel,Jamaica,64
Níquel,Trinidad y Tobago,65
Níquel,Barbados,68
Níquel,Guyana,57
Níquel,Surinam,54
Níquel,Canadá,82
Níquel,Estados Unidos,85
Níquel,Alemania,80
Níquel,Francia,77
Níquel,Italia,74
Níquel,España,78
Níquel,Portugal,76
Níquel,Países Bajos,82
Níquel,Reino Unido,78
Níquel,Rusia,57
Níquel,India,77
Níquel,China,81
Níquel,Japón,82
Níquel,Corea del Sur,83
Níquel,Vietnam,73
Níquel,Taiwan,81
Níquel,Sudáfrica,67
Herramientas,Argentina,71
Herramientas,Brasil,72
Herramientas,Paraguay,65
Herramientas,Chile,78
Herramientas,Bolivia,60
Herramientas,Perú,70
Herramientas,Colombia,70
Herramientas,Ecuador,65
Herramientas,México,73
Herramientas,Panamá,71
Herramientas,Costa Rica,72
Herramientas,República Dominicana,65
Herramientas,Guatemala,60
Herramientas,El Salvador,61
Herramientas,Honduras,58
Herramientas,Nicaragua,54
Herramientas,Venezuela,30
Herramientas,Uruguay,71
Herramientas,Cuba,47
Herramientas,Haití,32
Herramientas,Puerto Rico,76
Herramientas,Belice,60
Herramientas,Jamaica,64
Herramientas,Trinidad y Tobago,66
Herramientas,Barbados,69
Herramientas,Guyana,58
Herramientas,Surinam,55
Herramientas,Canadá,82
Herramientas,Estados Unidos,85
Herramientas,Alemania,81
Herramientas,Francia,78
Herramientas,Italia,75
Herramientas,España,79
Herramientas,Portugal,77
Herramientas,Países Bajos,83
Herramientas,Reino Unido,79
Herramientas,Rusia,58
Herramientas,India,78
Herramientas,China,82
Herramientas,Japón,82
Herramientas,Corea del Sur,83
Herramientas,Vietnam,74
Herramientas,Taiwan,82
Herramientas,Sudáfrica,68
Otros agropecuarios,Argentina,72
Otros agropecuarios,Brasil,71
Otros agropecuarios,Paraguay,66
Otros agropecuarios,Chile,77
Otros agropecuarios,Bolivia,60
Otros agropecuarios,Perú,70
Otros agropecuarios,Colombia,70
Otros agropecuarios,Ecuador,65
Otros agropecuarios,México,73
Otros agropecuarios,Panamá,71
Otros agropecuarios,Costa Rica,71
Otros agropecuarios,República Dominicana,64
Otros agropecuarios,Guatemala,59
Otros agropecuarios,El Salvador,61
Otros agropecuarios,Honduras,57
Otros agropecuarios,Nicaragua,53
Otros agropecuarios,Venezuela,29
Otros agropecuarios,Uruguay,70
Otros agropecuarios,Cuba,46
Otros agropecuarios,Haití,31
Otros agropecuarios,Puerto Rico,75
Otros agropecuarios,Belice,60
Otros agropecuarios,Jamaica,63
Otros agropecuarios,Trinidad y Tobago,65
Otros agropecuarios,Barbados,68
Otros agropecuarios,Guyana,57
Otros agropecuarios,Surinam,54
Otros agropecuarios,Canadá,82
Otros agropecuarios,Estados Unidos,84
Otros agropecuarios,Alemania,80
Otros agropecuarios,Francia,77
Otros agropecuarios,Italia,74
Otros agropecuarios,España,78
Otros agropecuarios,Portugal,76
Otros agropecuarios,Países Bajos,82
Otros agropecuarios,Reino Unido,78
Otros agropecuarios,Rusia,58
Otros agropecuarios,India,77
Otros agropecuarios,China,81
Otros agropecuarios,Japón,82
Otros agropecuarios,Corea del Sur,83
Otros agropecuarios,Vietnam,73
Otros agropecuarios,Taiwan,81
Otros agropecuarios,Sudáfrica,67
